"No.","Time","Source","Destination","Protocol","Length","Info"
"1","0.000000","192.168.75.130","8.8.8.8","DNS","117","Standard query 0x95b7 A TG9yZW0gaX.welc0mectf.gr3yh4ts.com OPT"
"2","0.023032","8.8.8.8","192.168.75.130","DNS","178","Standard query response 0x95b7 No such name A TG9yZW0gaX.welc0mectf.gr3yh4ts.com SOA a.gtld-servers.net OPT"
"3","0.154159","192.168.75.130","8.8.8.8","DNS","117","Standard query 0x1293 A BzdW0gb2Rv.welc0mectf.gr3yh4ts.com OPT"
"4","0.178682","8.8.8.8","192.168.75.130","DNS","178","Standard query response 0x1293 No such name A BzdW0gb2Rv.welc0mectf.gr3yh4ts.com SOA a.gtld-servers.net OPT"
"5","0.309774","192.168.75.130","8.8.8.8","DNS","117","Standard query 0x5f30 A ciBhbWV0LC.welc0mectf.gr3yh4ts.com OPT"
"6","0.334911","8.8.8.8","192.168.75.130","DNS","178","Standard query response 0x5f30 No such name A ciBhbWV0LC.welc0mectf.gr3yh4ts.com SOA a.gtld-servers.net OPT"
"7","0.471824","192.168.75.130","8.8.8.8","DNS","117","Standard query 0x03cd A Bjb25zZWN0.welc0mectf.gr3yh4ts.com OPT"
"8","0.495482","8.8.8.8","192.168.75.130","DNS","178","Standard query response 0x03cd No such name A Bjb25zZWN0.welc0mectf.gr3yh4ts.com SOA a.gtld-servers.net OPT"
"9","0.626068","192.168.75.130","8.8.8.8","DNS","117","Standard query 0x0be1 A ZXR1ZXIgYW.welc0mectf.gr3yh4ts.com OPT"
"10","0.649031","8.8.8.8","192.168.75.130","DNS","178","Standard query response 0x0be1 No such name A ZXR1ZXIgYW.welc0mectf.gr3yh4ts.com SOA a.gtld-servers.net OPT"
"11","0.777514","192.168.75.130","8.8.8.8","DNS","117","Standard query 0x238c A RpcGlzY2lu.welc0mectf.gr3yh4ts.com OPT"
"12","0.800733","8.8.8.8","192.168.75.130","DNS","178","Standard query response 0x238c No such name A RpcGlzY2lu.welc0mectf.gr3yh4ts.com SOA a.gtld-servers.net OPT"
"13","0.930036","192.168.75.130","8.8.8.8","DNS","117","Standard query 0xc5b5 A ZyBlbGl0Li.welc0mectf.gr3yh4ts.com OPT"
"14","0.951929","8.8.8.8","192.168.75.130","DNS","178","Standard query response 0xc5b5 No such name A ZyBlbGl0Li.welc0mectf.gr3yh4ts.com SOA a.gtld-servers.net OPT"
"15","1.087116","192.168.75.130","8.8.8.8","DNS","117","Standard query 0xf598 A BMb2JvcnRp.welc0mectf.gr3yh4ts.com OPT"
"16","1.109680","8.8.8.8","192.168.75.130","DNS","178","Standard query response 0xf598 No such name A BMb2JvcnRp.welc0mectf.gr3yh4ts.com SOA a.gtld-servers.net OPT"
"17","1.231707","192.168.75.130","8.8.8.8","DNS","117","Standard query 0x2fe7 A cyBzaXQgY2.welc0mectf.gr3yh4ts.com OPT"
"18","1.255476","8.8.8.8","192.168.75.130","DNS","178","Standard query response 0x2fe7 No such name A cyBzaXQgY2.welc0mectf.gr3yh4ts.com SOA a.gtld-servers.net OPT"
"19","1.374731","192.168.75.130","8.8.8.8","DNS","117","Standard query 0x9259 A 9uZGltZW50.welc0mectf.gr3yh4ts.com OPT"
"20","1.398091","8.8.8.8","192.168.75.130","DNS","178","Standard query response 0x9259 No such name A 9uZGltZW50.welc0mectf.gr3yh4ts.com SOA a.gtld-servers.net OPT"
"21","1.522367","192.168.75.130","8.8.8.8","DNS","117","Standard query 0x96fa A dW0gaW1wZX.welc0mectf.gr3yh4ts.com OPT"
"22","1.556096","8.8.8.8","192.168.75.130","DNS","178","Standard query response 0x96fa No such name A dW0gaW1wZX.welc0mectf.gr3yh4ts.com SOA a.gtld-servers.net OPT"
"23","1.677714","192.168.75.130","8.8.8.8","DNS","117","Standard query 0x9b67 A JkaWV0IGRp.welc0mectf.gr3yh4ts.com OPT"
"24","1.702130","8.8.8.8","192.168.75.130","DNS","178","Standard query response 0x9b67 No such name A JkaWV0IGRp.welc0mectf.gr3yh4ts.com SOA a.gtld-servers.net OPT"
"25","1.825200","192.168.75.130","8.8.8.8","DNS","117","Standard query 0x5b59 A Z25pc3NpbS.welc0mectf.gr3yh4ts.com OPT"
"26","1.847991","8.8.8.8","192.168.75.130","DNS","178","Standard query response 0x5b59 No such name A Z25pc3NpbS.welc0mectf.gr3yh4ts.com SOA a.gtld-servers.net OPT"
"27","1.967125","192.168.75.130","8.8.8.8","DNS","117","Standard query 0x900e A Bzb2xsaWNp.welc0mectf.gr3yh4ts.com OPT"
"28","1.988763","8.8.8.8","192.168.75.130","DNS","178","Standard query response 0x900e No such name A Bzb2xsaWNp.welc0mectf.gr3yh4ts.com SOA a.gtld-servers.net OPT"
"29","2.112782","192.168.75.130","8.8.8.8","DNS","117","Standard query 0x794d A dHVkaW4gdW.welc0mectf.gr3yh4ts.com OPT"
"30","2.147337","8.8.8.8","192.168.75.130","DNS","178","Standard query response 0x794d No such name A dHVkaW4gdW.welc0mectf.gr3yh4ts.com SOA a.gtld-servers.net OPT"
"31","2.265274","192.168.75.130","8.8.8.8","DNS","117","Standard query 0xd271 A xsYW1jb3Jw.welc0mectf.gr3yh4ts.com OPT"
"32","2.289224","8.8.8.8","192.168.75.130","DNS","178","Standard query response 0xd271 No such name A xsYW1jb3Jw.welc0mectf.gr3yh4ts.com SOA a.gtld-servers.net OPT"
"33","2.421967","192.168.75.130","8.8.8.8","DNS","117","Standard query 0x3772 A ZXIgbWF4aW.welc0mectf.gr3yh4ts.com OPT"
"34","2.450681","8.8.8.8","192.168.75.130","DNS","178","Standard query response 0x3772 No such name A ZXIgbWF4aW.welc0mectf.gr3yh4ts.com SOA a.gtld-servers.net OPT"
"35","2.579154","192.168.75.130","8.8.8.8","DNS","117","Standard query 0xe79a A 11cyBpcHN1.welc0mectf.gr3yh4ts.com OPT"
"36","2.605368","8.8.8.8","192.168.75.130","DNS","178","Standard query response 0xe79a No such name A 11cyBpcHN1.welc0mectf.gr3yh4ts.com SOA a.gtld-servers.net OPT"
"37","2.737329","192.168.75.130","8.8.8.8","DNS","117","Standard query 0x84fe A bSBuYXRvcX.welc0mectf.gr3yh4ts.com OPT"
"38","2.760203","8.8.8.8","192.168.75.130","DNS","178","Standard query response 0x84fe No such name A bSBuYXRvcX.welc0mectf.gr3yh4ts.com SOA a.gtld-servers.net OPT"
"39","2.877959","192.168.75.130","8.8.8.8","DNS","117","Standard query 0x3850 A VlLiBFdWlz.welc0mectf.gr3yh4ts.com OPT"
"40","2.912938","8.8.8.8","192.168.75.130","DNS","178","Standard query response 0x3850 No such name A VlLiBFdWlz.welc0mectf.gr3yh4ts.com SOA a.gtld-servers.net OPT"
"41","3.033023","192.168.75.130","8.8.8.8","DNS","117","Standard query 0x7bb6 A bW9kIGV4IH.welc0mectf.gr3yh4ts.com OPT"
"42","3.218057","8.8.8.8","192.168.75.130","DNS","178","Standard query response 0x7bb6 No such name A bW9kIGV4IH.welc0mectf.gr3yh4ts.com SOA a.gtld-servers.net OPT"
"43","3.347661","192.168.75.130","8.8.8.8","DNS","117","Standard query 0x5cfb A ByaW1pcyBl.welc0mectf.gr3yh4ts.com OPT"
"44","3.382910","8.8.8.8","192.168.75.130","DNS","178","Standard query response 0x5cfb No such name A ByaW1pcyBl.welc0mectf.gr3yh4ts.com SOA a.gtld-servers.net OPT"
"45","3.513234","192.168.75.130","8.8.8.8","DNS","117","Standard query 0x8d1a A bGVtZW50dW.welc0mectf.gr3yh4ts.com OPT"
"46","3.540281","8.8.8.8","192.168.75.130","DNS","178","Standard query response 0x8d1a No such name A bGVtZW50dW.welc0mectf.gr3yh4ts.com SOA a.gtld-servers.net OPT"
"47","3.667821","192.168.75.130","8.8.8.8","DNS","117","Standard query 0x5493 A 0gaW1wZXJk.welc0mectf.gr3yh4ts.com OPT"
"48","3.693320","8.8.8.8","192.168.75.130","DNS","178","Standard query response 0x5493 No such name A 0gaW1wZXJk.welc0mectf.gr3yh4ts.com SOA a.gtld-servers.net OPT"
"49","3.827969","192.168.75.130","8.8.8.8","DNS","117","Standard query 0xec61 A aWV0IGNvbm.welc0mectf.gr3yh4ts.com OPT"
"50","3.852561","8.8.8.8","192.168.75.130","DNS","178","Standard query response 0xec61 No such name A aWV0IGNvbm.welc0mectf.gr3yh4ts.com SOA a.gtld-servers.net OPT"
"51","3.973029","192.168.75.130","8.8.8.8","DNS","117","Standard query 0x8b46 A RpbWVudHVt.welc0mectf.gr3yh4ts.com OPT"
"52","3.998174","8.8.8.8","192.168.75.130","DNS","178","Standard query response 0x8b46 No such name A RpbWVudHVt.welc0mectf.gr3yh4ts.com SOA a.gtld-servers.net OPT"
"53","4.135840","192.168.75.130","8.8.8.8","DNS","117","Standard query 0xebaa A IHZlbmVuYX.welc0mectf.gr3yh4ts.com OPT"
"54","4.163026","8.8.8.8","192.168.75.130","DNS","178","Standard query response 0xebaa No such name A IHZlbmVuYX.welc0mectf.gr3yh4ts.com SOA a.gtld-servers.net OPT"
"55","4.289498","192.168.75.130","8.8.8.8","DNS","117","Standard query 0x9537 A RpcyBwb3N1.welc0mectf.gr3yh4ts.com OPT"
"56","4.313547","8.8.8.8","192.168.75.130","DNS","178","Standard query response 0x9537 No such name A RpcyBwb3N1.welc0mectf.gr3yh4ts.com SOA a.gtld-servers.net OPT"
"57","4.435317","192.168.75.130","8.8.8.8","DNS","117","Standard query 0x8303 A ZXJlIHBsYX.welc0mectf.gr3yh4ts.com OPT"
"58","4.471281","8.8.8.8","192.168.75.130","DNS","178","Standard query response 0x8303 No such name A ZXJlIHBsYX.welc0mectf.gr3yh4ts.com SOA a.gtld-servers.net OPT"
"59","4.590742","192.168.75.130","8.8.8.8","DNS","117","Standard query 0x912c A RlYS4gVml0.welc0mectf.gr3yh4ts.com OPT"
"60","4.613507","8.8.8.8","192.168.75.130","DNS","178","Standard query response 0x912c No such name A RlYS4gVml0.welc0mectf.gr3yh4ts.com SOA a.gtld-servers.net OPT"
"61","4.745431","192.168.75.130","8.8.8.8","DNS","117","Standard query 0x6a4c A YWUgaW50ZX.welc0mectf.gr3yh4ts.com OPT"
"62","4.769989","8.8.8.8","192.168.75.130","DNS","178","Standard query response 0x6a4c No such name A YWUgaW50ZX.welc0mectf.gr3yh4ts.com SOA a.gtld-servers.net OPT"
"63","4.903096","192.168.75.130","8.8.8.8","DNS","117","Standard query 0x0085 A JkdW0gbmFz.welc0mectf.gr3yh4ts.com OPT"
"64","5.067576","VMware_94:a7:2c","VMware_fe:31:ce","ARP","42","Who has 192.168.75.2? Tell 192.168.75.130"
"65","5.067835","VMware_fe:31:ce","VMware_94:a7:2c","ARP","60","192.168.75.2 is at 00:50:56:fe:31:ce"
"66","9.908626","192.168.75.130","8.8.8.8","DNS","117","Standard query 0x0085 A JkdW0gbmFz.welc0mectf.gr3yh4ts.com OPT"
"67","9.932800","8.8.8.8","192.168.75.130","DNS","178","Standard query response 0x0085 No such name A JkdW0gbmFz.welc0mectf.gr3yh4ts.com SOA a.gtld-servers.net OPT"
"68","10.083061","192.168.75.130","8.8.8.8","DNS","117","Standard query 0x85b6 A Y2V0dXI7IG.welc0mectf.gr3yh4ts.com OPT"
"69","10.107936","8.8.8.8","192.168.75.130","DNS","178","Standard query response 0x85b6 No such name A Y2V0dXI7IG.welc0mectf.gr3yh4ts.com SOA a.gtld-servers.net OPT"
"70","10.243648","192.168.75.130","8.8.8.8","DNS","117","Standard query 0x992a A 5pYmggcXVp.welc0mectf.gr3yh4ts.com OPT"
"71","10.267392","8.8.8.8","192.168.75.130","DNS","178","Standard query response 0x992a No such name A 5pYmggcXVp.welc0mectf.gr3yh4ts.com SOA a.gtld-servers.net OPT"
"72","10.391125","192.168.75.130","8.8.8.8","DNS","117","Standard query 0x3722 A cyBhbGlxdW.welc0mectf.gr3yh4ts.com OPT"
"73","10.414867","8.8.8.8","192.168.75.130","DNS","178","Standard query response 0x3722 No such name A cyBhbGlxdW.welc0mectf.gr3yh4ts.com SOA a.gtld-servers.net OPT"
"74","10.538068","192.168.75.130","8.8.8.8","DNS","117","Standard query 0x57e6 A FtIG1hbGVz.welc0mectf.gr3yh4ts.com OPT"
"75","10.562908","8.8.8.8","192.168.75.130","DNS","178","Standard query response 0x57e6 No such name A FtIG1hbGVz.welc0mectf.gr3yh4ts.com SOA a.gtld-servers.net OPT"
"76","10.687310","192.168.75.130","8.8.8.8","DNS","117","Standard query 0xbcc0 A dWFkYSB0b3.welc0mectf.gr3yh4ts.com OPT"
"77","10.711119","8.8.8.8","192.168.75.130","DNS","178","Standard query response 0xbcc0 No such name A dWFkYSB0b3.welc0mectf.gr3yh4ts.com SOA a.gtld-servers.net OPT"
"78","10.841420","192.168.75.130","8.8.8.8","DNS","117","Standard query 0x2e16 A JxdWVudC4g.welc0mectf.gr3yh4ts.com OPT"
"79","10.865765","8.8.8.8","192.168.75.130","DNS","178","Standard query response 0x2e16 No such name A JxdWVudC4g.welc0mectf.gr3yh4ts.com SOA a.gtld-servers.net OPT"
"80","11.009848","192.168.75.130","8.8.8.8","DNS","117","Standard query 0xe541 A UHVsdmluYX.welc0mectf.gr3yh4ts.com OPT"
"81","11.034437","8.8.8.8","192.168.75.130","DNS","178","Standard query response 0xe541 No such name A UHVsdmluYX.welc0mectf.gr3yh4ts.com SOA a.gtld-servers.net OPT"
"82","11.163689","192.168.75.130","8.8.8.8","DNS","117","Standard query 0x2a1a A IgbWFnbmEg.welc0mectf.gr3yh4ts.com OPT"
"83","11.187161","8.8.8.8","192.168.75.130","DNS","178","Standard query response 0x2a1a No such name A IgbWFnbmEg.welc0mectf.gr3yh4ts.com SOA a.gtld-servers.net OPT"
"84","11.321324","192.168.75.130","8.8.8.8","DNS","117","Standard query 0x49e8 A bG9yZW0gcG.welc0mectf.gr3yh4ts.com OPT"
"85","11.344033","8.8.8.8","192.168.75.130","DNS","178","Standard query response 0x49e8 No such name A bG9yZW0gcG.welc0mectf.gr3yh4ts.com SOA a.gtld-servers.net OPT"
"86","11.463866","192.168.75.130","8.8.8.8","DNS","117","Standard query 0x9404 A hhcmV0cmEg.welc0mectf.gr3yh4ts.com OPT"
"87","11.487855","8.8.8.8","192.168.75.130","DNS","178","Standard query response 0x9404 No such name A hhcmV0cmEg.welc0mectf.gr3yh4ts.com SOA a.gtld-servers.net OPT"
"88","11.608721","192.168.75.130","8.8.8.8","DNS","117","Standard query 0xf1cd A ZWxlaWZlbm.welc0mectf.gr3yh4ts.com OPT"
"89","11.634125","8.8.8.8","192.168.75.130","DNS","178","Standard query response 0xf1cd No such name A ZWxlaWZlbm.welc0mectf.gr3yh4ts.com SOA a.gtld-servers.net OPT"
"90","11.763524","192.168.75.130","8.8.8.8","DNS","117","Standard query 0x5b2c A Qgc2VtIG1h.welc0mectf.gr3yh4ts.com OPT"
"91","11.787165","8.8.8.8","192.168.75.130","DNS","178","Standard query response 0x5b2c No such name A Qgc2VtIG1h.welc0mectf.gr3yh4ts.com SOA a.gtld-servers.net OPT"
"92","11.908768","192.168.75.130","8.8.8.8","DNS","117","Standard query 0x1335 A dHRpcyBzYX.welc0mectf.gr3yh4ts.com OPT"
"93","11.933905","8.8.8.8","192.168.75.130","DNS","178","Standard query response 0x1335 No such name A dHRpcyBzYX.welc0mectf.gr3yh4ts.com SOA a.gtld-servers.net OPT"
"94","12.069954","192.168.75.130","8.8.8.8","DNS","117","Standard query 0x12f0 A BpZW4gZWZm.welc0mectf.gr3yh4ts.com OPT"
"95","12.094708","8.8.8.8","192.168.75.130","DNS","178","Standard query response 0x12f0 No such name A BpZW4gZWZm.welc0mectf.gr3yh4ts.com SOA a.gtld-servers.net OPT"
"96","12.220008","192.168.75.130","8.8.8.8","DNS","117","Standard query 0x0ead A aWNpdHVyLi.welc0mectf.gr3yh4ts.com OPT"
"97","12.244501","8.8.8.8","192.168.75.130","DNS","178","Standard query response 0x0ead No such name A aWNpdHVyLi.welc0mectf.gr3yh4ts.com SOA a.gtld-servers.net OPT"
"98","12.372477","192.168.75.130","8.8.8.8","DNS","117","Standard query 0x065d A BFc3Qgcmlk.welc0mectf.gr3yh4ts.com OPT"
"99","12.395151","8.8.8.8","192.168.75.130","DNS","178","Standard query response 0x065d No such name A BFc3Qgcmlk.welc0mectf.gr3yh4ts.com SOA a.gtld-servers.net OPT"
"100","12.539306","192.168.75.130","8.8.8.8","DNS","117","Standard query 0x87a6 A aWN1bHVzIG.welc0mectf.gr3yh4ts.com OPT"
"101","12.562075","8.8.8.8","192.168.75.130","DNS","178","Standard query response 0x87a6 No such name A aWN1bHVzIG.welc0mectf.gr3yh4ts.com SOA a.gtld-servers.net OPT"
"102","12.683806","192.168.75.130","8.8.8.8","DNS","117","Standard query 0x8ed7 A R1aSB2ZW5l.welc0mectf.gr3yh4ts.com OPT"
"103","12.708553","8.8.8.8","192.168.75.130","DNS","178","Standard query response 0x8ed7 No such name A R1aSB2ZW5l.welc0mectf.gr3yh4ts.com SOA a.gtld-servers.net OPT"
"104","12.847343","192.168.75.130","8.8.8.8","DNS","117","Standard query 0xdfa7 A bmF0aXMgdG.welc0mectf.gr3yh4ts.com OPT"
"105","12.872699","8.8.8.8","192.168.75.130","DNS","178","Standard query response 0xdfa7 No such name A bmF0aXMgdG.welc0mectf.gr3yh4ts.com SOA a.gtld-servers.net OPT"
"106","12.994161","192.168.75.130","8.8.8.8","DNS","117","Standard query 0x65eb A FjaXRpIHZl.welc0mectf.gr3yh4ts.com OPT"
"107","13.019118","8.8.8.8","192.168.75.130","DNS","178","Standard query response 0x65eb No such name A FjaXRpIHZl.welc0mectf.gr3yh4ts.com SOA a.gtld-servers.net OPT"
"108","13.147021","192.168.75.130","8.8.8.8","DNS","117","Standard query 0xb81b A bmVuYXRpcy.welc0mectf.gr3yh4ts.com OPT"
"109","13.172021","8.8.8.8","192.168.75.130","DNS","178","Standard query response 0xb81b No such name A bmVuYXRpcy.welc0mectf.gr3yh4ts.com SOA a.gtld-servers.net OPT"
"110","13.303581","192.168.75.130","8.8.8.8","DNS","117","Standard query 0x295b A ByaXN1cy4g.welc0mectf.gr3yh4ts.com OPT"
"111","13.326059","8.8.8.8","192.168.75.130","DNS","178","Standard query response 0x295b No such name A ByaXN1cy4g.welc0mectf.gr3yh4ts.com SOA a.gtld-servers.net OPT"
"112","13.458606","192.168.75.130","8.8.8.8","DNS","117","Standard query 0xf267 A SGVuZHJlcm.welc0mectf.gr3yh4ts.com OPT"
"113","13.481790","8.8.8.8","192.168.75.130","DNS","178","Standard query response 0xf267 No such name A SGVuZHJlcm.welc0mectf.gr3yh4ts.com SOA a.gtld-servers.net OPT"
"114","13.633225","192.168.75.130","8.8.8.8","DNS","117","Standard query 0x1a5d A l0IHVsdHJp.welc0mectf.gr3yh4ts.com OPT"
"115","13.658001","8.8.8.8","192.168.75.130","DNS","178","Standard query response 0x1a5d No such name A l0IHVsdHJp.welc0mectf.gr3yh4ts.com SOA a.gtld-servers.net OPT"
"116","13.777285","192.168.75.130","8.8.8.8","DNS","117","Standard query 0x02df A Y2llcyBub3.welc0mectf.gr3yh4ts.com OPT"
"117","13.800526","8.8.8.8","192.168.75.130","DNS","178","Standard query response 0x02df No such name A Y2llcyBub3.welc0mectf.gr3yh4ts.com SOA a.gtld-servers.net OPT"
"118","13.927129","192.168.75.130","8.8.8.8","DNS","117","Standard query 0x9e44 A N0cmEgdGVt.welc0mectf.gr3yh4ts.com OPT"
"119","13.949585","8.8.8.8","192.168.75.130","DNS","178","Standard query response 0x9e44 No such name A N0cmEgdGVt.welc0mectf.gr3yh4ts.com SOA a.gtld-servers.net OPT"
"120","14.072470","192.168.75.130","8.8.8.8","DNS","117","Standard query 0x64ad A cG9yIG1hdH.welc0mectf.gr3yh4ts.com OPT"
"121","14.095999","8.8.8.8","192.168.75.130","DNS","178","Standard query response 0x64ad No such name A cG9yIG1hdH.welc0mectf.gr3yh4ts.com SOA a.gtld-servers.net OPT"
"122","14.219415","192.168.75.130","8.8.8.8","DNS","117","Standard query 0x6661 A RpcyBhdWN0.welc0mectf.gr3yh4ts.com OPT"
"123","17.632162","VMware_c0:00:08","Broadcast","ARP","60","Who has 192.168.75.2? Tell 192.168.75.1"
"124","18.834292","VMware_c0:00:08","Broadcast","ARP","60","Who has 192.168.75.2? Tell 192.168.75.1"
"125","19.224201","192.168.75.130","8.8.8.8","DNS","117","Standard query 0x6661 A RpcyBhdWN0.welc0mectf.gr3yh4ts.com OPT"
"126","19.246353","8.8.8.8","192.168.75.130","DNS","178","Standard query response 0x6661 No such name A RpcyBhdWN0.welc0mectf.gr3yh4ts.com SOA a.gtld-servers.net OPT"
"127","19.379378","192.168.75.130","8.8.8.8","DNS","117","Standard query 0x04d9 A b3IgcHJvaW.welc0mectf.gr3yh4ts.com OPT"
"128","19.403330","8.8.8.8","192.168.75.130","DNS","178","Standard query response 0x04d9 No such name A b3IgcHJvaW.welc0mectf.gr3yh4ts.com SOA a.gtld-servers.net OPT"
"129","19.540274","192.168.75.130","8.8.8.8","DNS","117","Standard query 0xd17e A 4gYW1ldCBj.welc0mectf.gr3yh4ts.com OPT"
"130","19.564973","8.8.8.8","192.168.75.130","DNS","178","Standard query response 0xd17e No such name A 4gYW1ldCBj.welc0mectf.gr3yh4ts.com SOA a.gtld-servers.net OPT"
"131","19.637468","VMware_c0:00:08","Broadcast","ARP","60","Who has 192.168.75.2? Tell 192.168.75.1"
"132","19.696815","192.168.75.130","8.8.8.8","DNS","117","Standard query 0x3308 A bGFzcyBwbG.welc0mectf.gr3yh4ts.com OPT"
"133","19.720001","8.8.8.8","192.168.75.130","DNS","178","Standard query response 0x3308 No such name A bGFzcyBwbG.welc0mectf.gr3yh4ts.com SOA a.gtld-servers.net OPT"
"134","19.854691","192.168.75.130","8.8.8.8","DNS","117","Standard query 0xfd50 A FjZXJhdC4g.welc0mectf.gr3yh4ts.com OPT"
"135","19.876755","8.8.8.8","192.168.75.130","DNS","178","Standard query response 0xfd50 No such name A FjZXJhdC4g.welc0mectf.gr3yh4ts.com SOA a.gtld-servers.net OPT"
"136","20.018467","192.168.75.130","8.8.8.8","DNS","117","Standard query 0x6f0e A VGVtcHVzIG.welc0mectf.gr3yh4ts.com OPT"
"137","20.043286","8.8.8.8","192.168.75.130","DNS","178","Standard query response 0x6f0e No such name A VGVtcHVzIG.welc0mectf.gr3yh4ts.com SOA a.gtld-servers.net OPT"
"138","20.184717","192.168.75.130","8.8.8.8","DNS","117","Standard query 0x97d4 A xhb3JlZXQg.welc0mectf.gr3yh4ts.com OPT"
"139","20.208874","8.8.8.8","192.168.75.130","DNS","178","Standard query response 0x97d4 No such name A xhb3JlZXQg.welc0mectf.gr3yh4ts.com SOA a.gtld-servers.net OPT"
"140","20.328763","192.168.75.130","8.8.8.8","DNS","117","Standard query 0xea4e A c2l0IHBhcn.welc0mectf.gr3yh4ts.com OPT"
"141","20.352229","8.8.8.8","192.168.75.130","DNS","178","Standard query response 0xea4e No such name A c2l0IHBhcn.welc0mectf.gr3yh4ts.com SOA a.gtld-servers.net OPT"
"142","20.484860","192.168.75.130","8.8.8.8","DNS","117","Standard query 0xddc5 A R1cmllbnQg.welc0mectf.gr3yh4ts.com OPT"
"143","20.509229","8.8.8.8","192.168.75.130","DNS","178","Standard query response 0xddc5 No such name A R1cmllbnQg.welc0mectf.gr3yh4ts.com SOA a.gtld-servers.net OPT"
"144","20.643236","VMware_c0:00:08","Broadcast","ARP","60","Who has 192.168.75.2? Tell 192.168.75.1"
"145","20.652732","192.168.75.130","8.8.8.8","DNS","117","Standard query 0x1abe A YWxpcXVldC.welc0mectf.gr3yh4ts.com OPT"
"146","20.676750","8.8.8.8","192.168.75.130","DNS","178","Standard query response 0x1abe No such name A YWxpcXVldC.welc0mectf.gr3yh4ts.com SOA a.gtld-servers.net OPT"
"147","20.833176","192.168.75.130","8.8.8.8","DNS","117","Standard query 0x2652 A BzZW1wZXIg.welc0mectf.gr3yh4ts.com OPT"
"148","20.856084","8.8.8.8","192.168.75.130","DNS","178","Standard query response 0x2652 No such name A BzZW1wZXIg.welc0mectf.gr3yh4ts.com SOA a.gtld-servers.net OPT"
"149","20.997880","192.168.75.130","8.8.8.8","DNS","117","Standard query 0x6875 A bGVvIG1vbn.welc0mectf.gr3yh4ts.com OPT"
"150","21.020418","8.8.8.8","192.168.75.130","DNS","178","Standard query response 0x6875 No such name A bGVvIG1vbn.welc0mectf.gr3yh4ts.com SOA a.gtld-servers.net OPT"
"151","21.144967","192.168.75.130","8.8.8.8","DNS","117","Standard query 0x6251 A Rlcy4gVG9y.welc0mectf.gr3yh4ts.com OPT"
"152","21.168612","8.8.8.8","192.168.75.130","DNS","178","Standard query response 0x6251 No such name A Rlcy4gVG9y.welc0mectf.gr3yh4ts.com SOA a.gtld-servers.net OPT"
"153","21.297925","192.168.75.130","8.8.8.8","DNS","117","Standard query 0x9960 A cXVlbnQgaG.welc0mectf.gr3yh4ts.com OPT"
"154","21.321427","8.8.8.8","192.168.75.130","DNS","178","Standard query response 0x9960 No such name A cXVlbnQgaG.welc0mectf.gr3yh4ts.com SOA a.gtld-servers.net OPT"
"155","21.456439","192.168.75.130","8.8.8.8","DNS","117","Standard query 0x4e9e A FiaXRhbnQg.welc0mectf.gr3yh4ts.com OPT"
"156","21.478414","8.8.8.8","192.168.75.130","DNS","178","Standard query response 0x4e9e No such name A FiaXRhbnQg.welc0mectf.gr3yh4ts.com SOA a.gtld-servers.net OPT"
"157","21.610401","192.168.75.130","8.8.8.8","DNS","117","Standard query 0x3b62 A ZGlhbSBvcm.welc0mectf.gr3yh4ts.com OPT"
"158","21.633808","8.8.8.8","192.168.75.130","DNS","178","Standard query response 0x3b62 No such name A ZGlhbSBvcm.welc0mectf.gr3yh4ts.com SOA a.gtld-servers.net OPT"
"159","21.764820","192.168.75.130","8.8.8.8","DNS","117","Standard query 0x5105 A NpIHF1aXNx.welc0mectf.gr3yh4ts.com OPT"
"160","21.788074","8.8.8.8","192.168.75.130","DNS","178","Standard query response 0x5105 No such name A NpIHF1aXNx.welc0mectf.gr3yh4ts.com SOA a.gtld-servers.net OPT"
"161","21.910111","192.168.75.130","8.8.8.8","DNS","117","Standard query 0xe232 A dWUgZmFtZX.welc0mectf.gr3yh4ts.com OPT"
"162","21.931567","8.8.8.8","192.168.75.130","DNS","178","Standard query response 0xe232 No such name A dWUgZmFtZX.welc0mectf.gr3yh4ts.com SOA a.gtld-servers.net OPT"
"163","22.063566","192.168.75.130","8.8.8.8","DNS","117","Standard query 0x4cb2 A MgZmVybWVu.welc0mectf.gr3yh4ts.com OPT"
"164","22.085617","8.8.8.8","192.168.75.130","DNS","178","Standard query response 0x4cb2 No such name A MgZmVybWVu.welc0mectf.gr3yh4ts.com SOA a.gtld-servers.net OPT"
"165","22.215210","192.168.75.130","8.8.8.8","DNS","117","Standard query 0x5431 A dHVtIHB1bH.welc0mectf.gr3yh4ts.com OPT"
"166","22.240524","8.8.8.8","192.168.75.130","DNS","178","Standard query response 0x5431 No such name A dHVtIHB1bH.welc0mectf.gr3yh4ts.com SOA a.gtld-servers.net OPT"
"167","22.375972","192.168.75.130","8.8.8.8","DNS","117","Standard query 0x993d A ZpbmFyIG5l.welc0mectf.gr3yh4ts.com OPT"
"168","26.391081","VMware_c0:00:08","Broadcast","ARP","60","Who has 192.168.75.2? Tell 192.168.75.1"
"169","27.141732","VMware_c0:00:08","Broadcast","ARP","60","Who has 192.168.75.2? Tell 192.168.75.1"
"170","27.381817","192.168.75.130","8.8.8.8","DNS","117","Standard query 0x993d A ZpbmFyIG5l.welc0mectf.gr3yh4ts.com OPT"
"171","27.406732","8.8.8.8","192.168.75.130","DNS","178","Standard query response 0x993d No such name A ZpbmFyIG5l.welc0mectf.gr3yh4ts.com SOA a.gtld-servers.net OPT"
"172","27.529533","192.168.75.130","8.8.8.8","DNS","117","Standard query 0x4660 A Yy4gSGltZW.welc0mectf.gr3yh4ts.com OPT"
"173","27.552586","8.8.8.8","192.168.75.130","DNS","178","Standard query response 0x4660 No such name A Yy4gSGltZW.welc0mectf.gr3yh4ts.com SOA a.gtld-servers.net OPT"
"174","27.695430","192.168.75.130","8.8.8.8","DNS","117","Standard query 0xb2ae A 5hZW9zIG1h.welc0mectf.gr3yh4ts.com OPT"
"175","27.717124","8.8.8.8","192.168.75.130","DNS","178","Standard query response 0xb2ae No such name A 5hZW9zIG1h.welc0mectf.gr3yh4ts.com SOA a.gtld-servers.net OPT"
"176","27.839009","192.168.75.130","8.8.8.8","DNS","117","Standard query 0x0c22 A Z25pcyBsYW.welc0mectf.gr3yh4ts.com OPT"
"177","27.862458","8.8.8.8","192.168.75.130","DNS","178","Standard query response 0x0c22 No such name A Z25pcyBsYW.welc0mectf.gr3yh4ts.com SOA a.gtld-servers.net OPT"
"178","28.000014","192.168.75.130","8.8.8.8","DNS","117","Standard query 0x1de7 A 9yZWV0IHBv.welc0mectf.gr3yh4ts.com OPT"
"179","28.133902","VMware_c0:00:08","Broadcast","ARP","60","Who has 192.168.75.2? Tell 192.168.75.1"
"180","28.184688","8.8.8.8","192.168.75.130","DNS","178","Standard query response 0x1de7 No such name A 9yZWV0IHBv.welc0mectf.gr3yh4ts.com SOA a.gtld-servers.net OPT"
"181","28.323844","192.168.75.130","8.8.8.8","DNS","117","Standard query 0xef9f A cnRhIHNhcG.welc0mectf.gr3yh4ts.com OPT"
"182","29.401303","VMware_c0:00:08","Broadcast","ARP","60","Who has 192.168.75.2? Tell 192.168.75.1"
"183","30.130114","VMware_c0:00:08","Broadcast","ARP","60","Who has 192.168.75.2? Tell 192.168.75.1"
"184","31.142324","VMware_c0:00:08","Broadcast","ARP","60","Who has 192.168.75.2? Tell 192.168.75.1"
"185","31.479501","192.168.75.1","239.255.255.250","SSDP","218","M-SEARCH * HTTP/1.1 "
"186","32.486820","192.168.75.1","239.255.255.250","SSDP","218","M-SEARCH * HTTP/1.1 "
"187","33.328775","192.168.75.130","8.8.8.8","DNS","117","Standard query 0xef9f A cnRhIHNhcG.welc0mectf.gr3yh4ts.com OPT"
"188","33.501200","192.168.75.1","239.255.255.250","SSDP","218","M-SEARCH * HTTP/1.1 "
"189","34.510604","192.168.75.1","239.255.255.250","SSDP","218","M-SEARCH * HTTP/1.1 "
"190","35.437081","VMware_c0:00:08","Broadcast","ARP","60","Who has 192.168.75.2? Tell 192.168.75.1"
"191","35.640870","192.168.75.130","192.168.75.2","DNS","100","Standard query 0xa0a5 A connectivity-check.ubuntu.com OPT"
"192","35.666508","192.168.75.2","192.168.75.130","DNS","292","Standard query response 0xa0a5 A connectivity-check.ubuntu.com A 91.189.91.96 A 185.125.190.98 A 185.125.190.96 A 91.189.91.48 A 91.189.91.49 A 91.189.91.98 A 185.125.190.97 A 185.125.190.49 A 185.125.190.18 A 91.189.91.97 A 185.125.190.17 A 185.125.190.48 OPT"
"193","35.668470","192.168.75.130","185.125.190.48","TCP","74","47728  >  80 [SYN] Seq=0 Win=64240 Len=0 MSS=1460 SACK_PERM TSval=2036068109 TSecr=0 WS=128"
"194","35.928480","185.125.190.48","192.168.75.130","TCP","60","80  >  47728 [SYN, ACK] Seq=0 Ack=1 Win=64240 Len=0 MSS=1460"
"195","35.928516","192.168.75.130","185.125.190.48","TCP","54","47728  >  80 [ACK] Seq=1 Ack=1 Win=64240 Len=0"
"196","35.928618","192.168.75.130","185.125.190.48","HTTP","141","GET / HTTP/1.1 "
"197","35.928680","185.125.190.48","192.168.75.130","TCP","60","80  >  47728 [ACK] Seq=1 Ack=88 Win=64240 Len=0"
"198","36.137893","VMware_c0:00:08","Broadcast","ARP","60","Who has 192.168.75.2? Tell 192.168.75.1"
"199","36.188470","VMware_fe:31:ce","Broadcast","ARP","60","Who has 192.168.75.130? Tell 192.168.75.2"
"200","36.188482","VMware_94:a7:2c","VMware_fe:31:ce","ARP","42","192.168.75.130 is at 00:0c:29:94:a7:2c"
"201","36.188554","185.125.190.48","192.168.75.130","HTTP","243","HTTP/1.1 204 No Content "
"202","36.188642","192.168.75.130","185.125.190.48","TCP","54","47728  >  80 [FIN, ACK] Seq=88 Ack=191 Win=64050 Len=0"
"203","36.188834","185.125.190.48","192.168.75.130","TCP","60","80  >  47728 [ACK] Seq=191 Ack=89 Win=64239 Len=0"
"204","37.145258","VMware_c0:00:08","Broadcast","ARP","60","Who has 192.168.75.2? Tell 192.168.75.1"
"205","38.334488","192.168.75.130","8.8.8.8","DNS","117","Standard query 0xef9f A cnRhIHNhcG.welc0mectf.gr3yh4ts.com OPT"
"206","38.357683","8.8.8.8","192.168.75.130","DNS","178","Standard query response 0xef9f No such name A cnRhIHNhcG.welc0mectf.gr3yh4ts.com SOA a.gtld-servers.net OPT"
"207","38.449789","VMware_c0:00:08","Broadcast","ARP","60","Who has 192.168.75.2? Tell 192.168.75.1"
"208","38.495185","192.168.75.130","8.8.8.8","DNS","117","Standard query 0x2438 A llbiBtYXhp.welc0mectf.gr3yh4ts.com OPT"
"209","38.518494","8.8.8.8","192.168.75.130","DNS","178","Standard query response 0x2438 No such name A llbiBtYXhp.welc0mectf.gr3yh4ts.com SOA a.gtld-servers.net OPT"
"210","38.651699","192.168.75.130","8.8.8.8","DNS","117","Standard query 0xa719 A bXVzIG5hdG.welc0mectf.gr3yh4ts.com OPT"
"211","38.674846","8.8.8.8","192.168.75.130","DNS","178","Standard query response 0xa719 No such name A bXVzIG5hdG.welc0mectf.gr3yh4ts.com SOA a.gtld-servers.net OPT"
"212","38.801790","192.168.75.130","8.8.8.8","DNS","117","Standard query 0xa0b5 A 9xdWUgbGVv.welc0mectf.gr3yh4ts.com OPT"
"213","38.823524","8.8.8.8","192.168.75.130","DNS","178","Standard query response 0xa0b5 No such name A 9xdWUgbGVv.welc0mectf.gr3yh4ts.com SOA a.gtld-servers.net OPT"
"214","38.962506","192.168.75.130","8.8.8.8","DNS","117","Standard query 0x192c A IGVnZXQuIE.welc0mectf.gr3yh4ts.com OPT"
"215","38.985804","8.8.8.8","192.168.75.130","DNS","178","Standard query response 0x192c No such name A IGVnZXQuIE.welc0mectf.gr3yh4ts.com SOA a.gtld-servers.net OPT"
"216","39.129814","192.168.75.130","8.8.8.8","DNS","117","Standard query 0x954c A 1ldHVzIHZl.welc0mectf.gr3yh4ts.com OPT"
"217","39.133017","VMware_c0:00:08","Broadcast","ARP","60","Who has 192.168.75.2? Tell 192.168.75.1"
"218","39.152732","8.8.8.8","192.168.75.130","DNS","178","Standard query response 0x954c No such name A 1ldHVzIHZl.welc0mectf.gr3yh4ts.com SOA a.gtld-servers.net OPT"
"219","39.275446","192.168.75.130","8.8.8.8","DNS","117","Standard query 0x4b7c A c3RpYnVsdW.welc0mectf.gr3yh4ts.com OPT"
"220","39.299511","8.8.8.8","192.168.75.130","DNS","178","Standard query response 0x4b7c No such name A c3RpYnVsdW.welc0mectf.gr3yh4ts.com SOA a.gtld-servers.net OPT"
"221","39.429896","192.168.75.130","8.8.8.8","DNS","117","Standard query 0x52b1 A 0gbmFzY2V0.welc0mectf.gr3yh4ts.com OPT"
"222","39.452140","8.8.8.8","192.168.75.130","DNS","178","Standard query response 0x52b1 No such name A 0gbmFzY2V0.welc0mectf.gr3yh4ts.com SOA a.gtld-servers.net OPT"
"223","39.586658","192.168.75.130","8.8.8.8","DNS","117","Standard query 0xdee0 A dXI7IHJ1dH.welc0mectf.gr3yh4ts.com OPT"
"224","39.611475","8.8.8.8","192.168.75.130","DNS","178","Standard query response 0xdee0 No such name A dXI7IHJ1dH.welc0mectf.gr3yh4ts.com SOA a.gtld-servers.net OPT"
"225","39.731107","192.168.75.130","8.8.8.8","DNS","117","Standard query 0xd11d A J1bSBlcm9z.welc0mectf.gr3yh4ts.com OPT"
"226","39.754579","8.8.8.8","192.168.75.130","DNS","178","Standard query response 0xd11d No such name A J1bSBlcm9z.welc0mectf.gr3yh4ts.com SOA a.gtld-servers.net OPT"
"227","39.899117","192.168.75.130","8.8.8.8","DNS","117","Standard query 0x72be A IHZlbCB2ZW.welc0mectf.gr3yh4ts.com OPT"
"228","39.922615","8.8.8.8","192.168.75.130","DNS","178","Standard query response 0x72be No such name A IHZlbCB2ZW.welc0mectf.gr3yh4ts.com SOA a.gtld-servers.net OPT"
"229","40.049126","192.168.75.130","8.8.8.8","DNS","117","Standard query 0xd6e7 A wuIFBvdGVu.welc0mectf.gr3yh4ts.com OPT"
"230","40.072714","8.8.8.8","192.168.75.130","DNS","178","Standard query response 0xd6e7 No such name A wuIFBvdGVu.welc0mectf.gr3yh4ts.com SOA a.gtld-servers.net OPT"
"231","40.144593","VMware_c0:00:08","Broadcast","ARP","60","Who has 192.168.75.2? Tell 192.168.75.1"
"232","40.211832","192.168.75.130","8.8.8.8","DNS","117","Standard query 0x9be0 A dGkgZnVzY2.welc0mectf.gr3yh4ts.com OPT"
"233","40.233651","8.8.8.8","192.168.75.130","DNS","178","Standard query response 0x9be0 No such name A dGkgZnVzY2.welc0mectf.gr3yh4ts.com SOA a.gtld-servers.net OPT"
"234","40.388907","192.168.75.130","8.8.8.8","DNS","117","Standard query 0xc3bd A UgcG9ydGEg.welc0mectf.gr3yh4ts.com OPT"
"235","40.409874","8.8.8.8","192.168.75.130","DNS","178","Standard query response 0xc3bd No such name A UgcG9ydGEg.welc0mectf.gr3yh4ts.com SOA a.gtld-servers.net OPT"
"236","40.531920","192.168.75.130","8.8.8.8","DNS","117","Standard query 0x2712 A bXVzLCBqdX.welc0mectf.gr3yh4ts.com OPT"
"237","40.555499","8.8.8.8","192.168.75.130","DNS","178","Standard query response 0x2712 No such name A bXVzLCBqdX.welc0mectf.gr3yh4ts.com SOA a.gtld-servers.net OPT"
"238","40.678989","192.168.75.130","8.8.8.8","DNS","117","Standard query 0x1350 A N0byBtaSBp.welc0mectf.gr3yh4ts.com OPT"
"239","40.702507","8.8.8.8","192.168.75.130","DNS","178","Standard query response 0x1350 No such name A N0byBtaSBp.welc0mectf.gr3yh4ts.com SOA a.gtld-servers.net OPT"
"240","40.820265","192.168.75.130","8.8.8.8","DNS","117","Standard query 0xd029 A bnRlZ2VyIH.welc0mectf.gr3yh4ts.com OPT"
"241","40.843950","8.8.8.8","192.168.75.130","DNS","178","Standard query response 0xd029 No such name A bnRlZ2VyIH.welc0mectf.gr3yh4ts.com SOA a.gtld-servers.net OPT"
"242","40.978150","192.168.75.130","8.8.8.8","DNS","117","Standard query 0x3581 A ByaW1pcyBh.welc0mectf.gr3yh4ts.com OPT"
"243","41.001926","8.8.8.8","192.168.75.130","DNS","178","Standard query response 0x3581 No such name A ByaW1pcyBh.welc0mectf.gr3yh4ts.com SOA a.gtld-servers.net OPT"
"244","41.126128","192.168.75.130","8.8.8.8","DNS","117","Standard query 0x1c96 A Y2N1bXNhbi.welc0mectf.gr3yh4ts.com OPT"
"245","41.148822","8.8.8.8","192.168.75.130","DNS","178","Standard query response 0x1c96 No such name A Y2N1bXNhbi.welc0mectf.gr3yh4ts.com SOA a.gtld-servers.net OPT"
"246","41.281557","192.168.75.130","8.8.8.8","DNS","117","Standard query 0x5391 A 4gUGhhcmV0.welc0mectf.gr3yh4ts.com OPT"
"247","41.306167","8.8.8.8","192.168.75.130","DNS","178","Standard query response 0x5391 No such name A 4gUGhhcmV0.welc0mectf.gr3yh4ts.com SOA a.gtld-servers.net OPT"
"248","41.436115","192.168.75.130","8.8.8.8","DNS","117","Standard query 0xda82 A cmEgbWF0dG.welc0mectf.gr3yh4ts.com OPT"
"249","41.458191","8.8.8.8","192.168.75.130","DNS","178","Standard query response 0xda82 No such name A cmEgbWF0dG.welc0mectf.gr3yh4ts.com SOA a.gtld-servers.net OPT"
"250","41.595350","192.168.75.130","8.8.8.8","DNS","117","Standard query 0xa802 A lzIHF1aXMg.welc0mectf.gr3yh4ts.com OPT"
"251","41.618397","8.8.8.8","192.168.75.130","DNS","178","Standard query response 0xa802 No such name A lzIHF1aXMg.welc0mectf.gr3yh4ts.com SOA a.gtld-servers.net OPT"
"252","41.739011","192.168.75.130","8.8.8.8","DNS","117","Standard query 0xfe83 A ZGlzIG51bm.welc0mectf.gr3yh4ts.com OPT"
"253","41.762681","8.8.8.8","192.168.75.130","DNS","178","Standard query response 0xfe83 No such name A ZGlzIG51bm.welc0mectf.gr3yh4ts.com SOA a.gtld-servers.net OPT"
"254","41.881733","192.168.75.130","8.8.8.8","DNS","117","Standard query 0x6d48 A MsIG1ldHVz.welc0mectf.gr3yh4ts.com OPT"
"255","41.903229","8.8.8.8","192.168.75.130","DNS","178","Standard query response 0x6d48 No such name A MsIG1ldHVz.welc0mectf.gr3yh4ts.com SOA a.gtld-servers.net OPT"
"256","42.036518","192.168.75.130","8.8.8.8","DNS","117","Standard query 0x5de3 A IGFudGUgYW.welc0mectf.gr3yh4ts.com OPT"
"257","42.061557","8.8.8.8","192.168.75.130","DNS","178","Standard query response 0x5de3 No such name A IGFudGUgYW.welc0mectf.gr3yh4ts.com SOA a.gtld-servers.net OPT"
"258","42.194071","192.168.75.130","8.8.8.8","DNS","117","Standard query 0xd897 A MgbmVxdWUu.welc0mectf.gr3yh4ts.com OPT"
"259","42.219795","8.8.8.8","192.168.75.130","DNS","178","Standard query response 0xd897 No such name A MgbmVxdWUu.welc0mectf.gr3yh4ts.com SOA a.gtld-servers.net OPT"
"260","42.352085","192.168.75.130","8.8.8.8","DNS","117","Standard query 0x02e9 A IEVyYXQgcH.welc0mectf.gr3yh4ts.com OPT"
"261","42.374385","8.8.8.8","192.168.75.130","DNS","178","Standard query response 0x02e9 No such name A IEVyYXQgcH.welc0mectf.gr3yh4ts.com SOA a.gtld-servers.net OPT"
"262","42.504095","192.168.75.130","8.8.8.8","DNS","117","Standard query 0x8767 A JhZXNlbnQg.welc0mectf.gr3yh4ts.com OPT"
"263","42.528310","8.8.8.8","192.168.75.130","DNS","178","Standard query response 0x8767 No such name A JhZXNlbnQg.welc0mectf.gr3yh4ts.com SOA a.gtld-servers.net OPT"
"264","42.669621","192.168.75.130","8.8.8.8","DNS","117","Standard query 0xf929 A cnV0cnVtIG.welc0mectf.gr3yh4ts.com OPT"
"265","42.693616","8.8.8.8","192.168.75.130","DNS","178","Standard query response 0xf929 No such name A cnV0cnVtIG.welc0mectf.gr3yh4ts.com SOA a.gtld-servers.net OPT"
"266","42.821820","192.168.75.130","8.8.8.8","DNS","117","Standard query 0x6577 A ZhY2lsaXNp.welc0mectf.gr3yh4ts.com OPT"
"267","42.843280","8.8.8.8","192.168.75.130","DNS","178","Standard query response 0x6577 No such name A ZhY2lsaXNp.welc0mectf.gr3yh4ts.com SOA a.gtld-servers.net OPT"
"268","42.968282","192.168.75.130","8.8.8.8","DNS","117","Standard query 0xde33 A cyBhdWN0b3.welc0mectf.gr3yh4ts.com OPT"
"269","42.993249","8.8.8.8","192.168.75.130","DNS","178","Standard query response 0xde33 No such name A cyBhdWN0b3.welc0mectf.gr3yh4ts.com SOA a.gtld-servers.net OPT"
"270","43.114941","192.168.75.130","8.8.8.8","DNS","117","Standard query 0xf5be A IgbHVjdHVz.welc0mectf.gr3yh4ts.com OPT"
"271","43.138952","8.8.8.8","192.168.75.130","DNS","178","Standard query response 0xf5be No such name A IgbHVjdHVz.welc0mectf.gr3yh4ts.com SOA a.gtld-servers.net OPT"
"272","43.266653","192.168.75.130","8.8.8.8","DNS","117","Standard query 0x260b A IGZhY2lsaX.welc0mectf.gr3yh4ts.com OPT"
"273","43.292221","8.8.8.8","192.168.75.130","DNS","178","Standard query response 0x260b No such name A IGZhY2lsaX.welc0mectf.gr3yh4ts.com SOA a.gtld-servers.net OPT"
"274","43.420255","192.168.75.130","8.8.8.8","DNS","117","Standard query 0x028f A NpcyB2b2x1.welc0mectf.gr3yh4ts.com OPT"
"275","43.444729","8.8.8.8","192.168.75.130","DNS","178","Standard query response 0x028f No such name A NpcyB2b2x1.welc0mectf.gr3yh4ts.com SOA a.gtld-servers.net OPT"
"276","43.581175","192.168.75.130","8.8.8.8","DNS","117","Standard query 0x3128 A dHBhdC4gTm.welc0mectf.gr3yh4ts.com OPT"
"277","43.632468","34.107.243.93","192.168.75.130","TLSv1.2","78","Application Data"
"278","43.632731","192.168.75.130","34.107.243.93","TLSv1.2","82","Application Data"
"279","43.633087","34.107.243.93","192.168.75.130","TCP","60","443  >  45424 [ACK] Seq=25 Ack=29 Win=64240 Len=0"
"280","48.586661","192.168.75.130","8.8.8.8","DNS","117","Standard query 0x3128 A dHBhdC4gTm.welc0mectf.gr3yh4ts.com OPT"
"281","48.609919","8.8.8.8","192.168.75.130","DNS","178","Standard query response 0x3128 No such name A dHBhdC4gTm.welc0mectf.gr3yh4ts.com SOA a.gtld-servers.net OPT"
"282","48.729675","192.168.75.130","8.8.8.8","DNS","117","Standard query 0xf989 A lzaSBlZmZp.welc0mectf.gr3yh4ts.com OPT"
"283","48.754001","8.8.8.8","192.168.75.130","DNS","178","Standard query response 0xf989 No such name A lzaSBlZmZp.welc0mectf.gr3yh4ts.com SOA a.gtld-servers.net OPT"
"284","48.886775","192.168.75.130","8.8.8.8","DNS","117","Standard query 0xba6e A Y2l0dXIgYm.welc0mectf.gr3yh4ts.com OPT"
"285","48.909779","8.8.8.8","192.168.75.130","DNS","178","Standard query response 0xba6e No such name A Y2l0dXIgYm.welc0mectf.gr3yh4ts.com SOA a.gtld-servers.net OPT"
"286","49.051904","192.168.75.130","8.8.8.8","DNS","117","Standard query 0x846c A liZW5kdW0g.welc0mectf.gr3yh4ts.com OPT"
"287","49.077421","8.8.8.8","192.168.75.130","DNS","178","Standard query response 0x846c No such name A liZW5kdW0g.welc0mectf.gr3yh4ts.com SOA a.gtld-servers.net OPT"
"288","49.214134","192.168.75.130","8.8.8.8","DNS","117","Standard query 0xf180 A bWFzc2Egdm.welc0mectf.gr3yh4ts.com OPT"
"289","49.239766","8.8.8.8","192.168.75.130","DNS","178","Standard query response 0xf180 No such name A bWFzc2Egdm.welc0mectf.gr3yh4ts.com SOA a.gtld-servers.net OPT"
"290","49.368610","192.168.75.130","8.8.8.8","DNS","117","Standard query 0xd70e A l2YW11cyBu.welc0mectf.gr3yh4ts.com OPT"
"291","49.390854","8.8.8.8","192.168.75.130","DNS","178","Standard query response 0xd70e No such name A l2YW11cyBu.welc0mectf.gr3yh4ts.com SOA a.gtld-servers.net OPT"
"292","49.499964","192.168.75.130","8.8.8.8","DNS","117","Standard query 0xae00 A dW5jIHZpdm.welc0mectf.gr3yh4ts.com OPT"
"293","49.524360","8.8.8.8","192.168.75.130","DNS","178","Standard query response 0xae00 No such name A dW5jIHZpdm.welc0mectf.gr3yh4ts.com SOA a.gtld-servers.net OPT"
"294","49.661243","192.168.75.130","8.8.8.8","DNS","117","Standard query 0x6041 A FtdXMgbWFz.welc0mectf.gr3yh4ts.com OPT"
"295","49.687042","8.8.8.8","192.168.75.130","DNS","178","Standard query response 0x6041 No such name A FtdXMgbWFz.welc0mectf.gr3yh4ts.com SOA a.gtld-servers.net OPT"
"296","49.819207","192.168.75.130","8.8.8.8","DNS","117","Standard query 0x6bae A c2EgY3VyYW.welc0mectf.gr3yh4ts.com OPT"
"297","49.945757","8.8.8.8","192.168.75.130","DNS","178","Standard query response 0x6bae No such name A c2EgY3VyYW.welc0mectf.gr3yh4ts.com SOA a.gtld-servers.net OPT"
"298","50.080021","192.168.75.130","8.8.8.8","DNS","117","Standard query 0xbbc4 A UgbWF0dGlz.welc0mectf.gr3yh4ts.com OPT"
"299","55.085807","192.168.75.130","8.8.8.8","DNS","117","Standard query 0xbbc4 A UgbWF0dGlz.welc0mectf.gr3yh4ts.com OPT"
"300","55.109815","8.8.8.8","192.168.75.130","DNS","178","Standard query response 0xbbc4 No such name A UgbWF0dGlz.welc0mectf.gr3yh4ts.com SOA a.gtld-servers.net OPT"
"301","55.243219","192.168.75.130","8.8.8.8","DNS","117","Standard query 0x7bf7 A LiBIZW5kcm.welc0mectf.gr3yh4ts.com OPT"
"302","55.266797","8.8.8.8","192.168.75.130","DNS","178","Standard query response 0x7bf7 No such name A LiBIZW5kcm.welc0mectf.gr3yh4ts.com SOA a.gtld-servers.net OPT"
"303","55.390220","192.168.75.130","8.8.8.8","DNS","117","Standard query 0x8b94 A VyaXQgYW50.welc0mectf.gr3yh4ts.com OPT"
"304","55.412959","8.8.8.8","192.168.75.130","DNS","178","Standard query response 0x8b94 No such name A VyaXQgYW50.welc0mectf.gr3yh4ts.com SOA a.gtld-servers.net OPT"
"305","55.545459","192.168.75.130","8.8.8.8","DNS","117","Standard query 0x327a A ZSBwYXJ0dX.welc0mectf.gr3yh4ts.com OPT"
"306","55.567661","8.8.8.8","192.168.75.130","DNS","178","Standard query response 0x327a No such name A ZSBwYXJ0dX.welc0mectf.gr3yh4ts.com SOA a.gtld-servers.net OPT"
"307","55.695949","192.168.75.130","8.8.8.8","DNS","117","Standard query 0x53b3 A JpZW50IGVm.welc0mectf.gr3yh4ts.com OPT"
"308","55.720443","8.8.8.8","192.168.75.130","DNS","178","Standard query response 0x53b3 No such name A JpZW50IGVm.welc0mectf.gr3yh4ts.com SOA a.gtld-servers.net OPT"
"309","55.841087","192.168.75.130","8.8.8.8","DNS","117","Standard query 0xb796 A ZmljaXR1ci.welc0mectf.gr3yh4ts.com OPT"
"310","55.864746","8.8.8.8","192.168.75.130","DNS","178","Standard query response 0xb796 No such name A ZmljaXR1ci.welc0mectf.gr3yh4ts.com SOA a.gtld-servers.net OPT"
"311","55.983372","192.168.75.130","8.8.8.8","DNS","117","Standard query 0xd701 A BtdXMgdGVt.welc0mectf.gr3yh4ts.com OPT"
"312","56.006860","8.8.8.8","192.168.75.130","DNS","178","Standard query response 0xd701 No such name A BtdXMgdGVt.welc0mectf.gr3yh4ts.com SOA a.gtld-servers.net OPT"
"313","56.119253","192.168.75.130","8.8.8.8","DNS","117","Standard query 0x52c7 A cHVzIGltcG.welc0mectf.gr3yh4ts.com OPT"
"314","56.142084","8.8.8.8","192.168.75.130","DNS","178","Standard query response 0x52c7 No such name A cHVzIGltcG.welc0mectf.gr3yh4ts.com SOA a.gtld-servers.net OPT"
"315","56.283082","192.168.75.130","8.8.8.8","DNS","117","Standard query 0x7492 A VyZGlldCBw.welc0mectf.gr3yh4ts.com OPT"
"316","56.307380","8.8.8.8","192.168.75.130","DNS","178","Standard query response 0x7492 No such name A VyZGlldCBw.welc0mectf.gr3yh4ts.com SOA a.gtld-servers.net OPT"
"317","56.433456","192.168.75.130","8.8.8.8","DNS","117","Standard query 0x6e1e A cm9pbiBkaW.welc0mectf.gr3yh4ts.com OPT"
"318","56.457489","8.8.8.8","192.168.75.130","DNS","178","Standard query response 0x6e1e No such name A cm9pbiBkaW.welc0mectf.gr3yh4ts.com SOA a.gtld-servers.net OPT"
"319","56.601199","192.168.75.130","8.8.8.8","DNS","117","Standard query 0x4ffe A N0dW1zdD8g.welc0mectf.gr3yh4ts.com OPT"
"320","56.625329","8.8.8.8","192.168.75.130","DNS","178","Standard query response 0x4ffe No such name A N0dW1zdD8g.welc0mectf.gr3yh4ts.com SOA a.gtld-servers.net OPT"
"321","56.762273","192.168.75.130","8.8.8.8","DNS","117","Standard query 0x5691 A QW1ldCB2b2.welc0mectf.gr3yh4ts.com OPT"
"322","56.788063","8.8.8.8","192.168.75.130","DNS","178","Standard query response 0x5691 No such name A QW1ldCB2b2.welc0mectf.gr3yh4ts.com SOA a.gtld-servers.net OPT"
"323","56.932911","192.168.75.130","8.8.8.8","DNS","117","Standard query 0x6d37 A x1dHBhdCBo.welc0mectf.gr3yh4ts.com OPT"
"324","56.965194","8.8.8.8","192.168.75.130","DNS","178","Standard query response 0x6d37 No such name A x1dHBhdCBo.welc0mectf.gr3yh4ts.com SOA a.gtld-servers.net OPT"
"325","57.084927","192.168.75.130","8.8.8.8","DNS","117","Standard query 0x7072 A ZW5kcmVyaX.welc0mectf.gr3yh4ts.com OPT"
"326","57.107939","8.8.8.8","192.168.75.130","DNS","178","Standard query response 0x7072 No such name A ZW5kcmVyaX.welc0mectf.gr3yh4ts.com SOA a.gtld-servers.net OPT"
"327","57.230369","192.168.75.130","8.8.8.8","DNS","117","Standard query 0xc793 A QgdGluY2lk.welc0mectf.gr3yh4ts.com OPT"
"328","57.252960","8.8.8.8","192.168.75.130","DNS","178","Standard query response 0xc793 No such name A QgdGluY2lk.welc0mectf.gr3yh4ts.com SOA a.gtld-servers.net OPT"
"329","57.388955","192.168.75.130","8.8.8.8","DNS","117","Standard query 0x5379 A dW50IG51bG.welc0mectf.gr3yh4ts.com OPT"
"330","57.414187","8.8.8.8","192.168.75.130","DNS","178","Standard query response 0x5379 No such name A dW50IG51bG.welc0mectf.gr3yh4ts.com SOA a.gtld-servers.net OPT"
"331","57.546785","192.168.75.130","8.8.8.8","DNS","117","Standard query 0x04ce A xhbSB0cmlz.welc0mectf.gr3yh4ts.com OPT"
"332","57.570530","8.8.8.8","192.168.75.130","DNS","178","Standard query response 0x04ce No such name A xhbSB0cmlz.welc0mectf.gr3yh4ts.com SOA a.gtld-servers.net OPT"
"333","57.707952","192.168.75.130","8.8.8.8","DNS","117","Standard query 0x0f34 A dGlxdWUgbW.welc0mectf.gr3yh4ts.com OPT"
"334","62.713639","192.168.75.130","8.8.8.8","DNS","117","Standard query 0x0f34 A dGlxdWUgbW.welc0mectf.gr3yh4ts.com OPT"
"335","62.737663","8.8.8.8","192.168.75.130","DNS","178","Standard query response 0x0f34 No such name A dGlxdWUgbW.welc0mectf.gr3yh4ts.com SOA a.gtld-servers.net OPT"
"336","62.881724","192.168.75.130","8.8.8.8","DNS","117","Standard query 0xbe6f A Fzc2EgbWF0.welc0mectf.gr3yh4ts.com OPT"
"337","62.905317","8.8.8.8","192.168.75.130","DNS","178","Standard query response 0xbe6f No such name A Fzc2EgbWF0.welc0mectf.gr3yh4ts.com SOA a.gtld-servers.net OPT"
"338","63.029447","192.168.75.130","8.8.8.8","DNS","117","Standard query 0x3718 A dGlzIG1pIG.welc0mectf.gr3yh4ts.com OPT"
"339","63.053235","8.8.8.8","192.168.75.130","DNS","178","Standard query response 0x3718 No such name A dGlzIG1pIG.welc0mectf.gr3yh4ts.com SOA a.gtld-servers.net OPT"
"340","63.184664","192.168.75.130","8.8.8.8","DNS","117","Standard query 0xe6d5 A xpdG9yYS4g.welc0mectf.gr3yh4ts.com OPT"
"341","63.209992","8.8.8.8","192.168.75.130","DNS","178","Standard query response 0xe6d5 No such name A xpdG9yYS4g.welc0mectf.gr3yh4ts.com SOA a.gtld-servers.net OPT"
"342","63.350740","192.168.75.130","8.8.8.8","DNS","117","Standard query 0xacfb A UnV0cnVtIG.welc0mectf.gr3yh4ts.com OPT"
"343","63.371078","8.8.8.8","192.168.75.130","DNS","178","Standard query response 0xacfb No such name A UnV0cnVtIG.welc0mectf.gr3yh4ts.com SOA a.gtld-servers.net OPT"
"344","63.494992","192.168.75.130","8.8.8.8","DNS","117","Standard query 0x3396 A RvbmVjIGZp.welc0mectf.gr3yh4ts.com OPT"
"345","63.519181","8.8.8.8","192.168.75.130","DNS","178","Standard query response 0x3396 No such name A RvbmVjIGZp.welc0mectf.gr3yh4ts.com SOA a.gtld-servers.net OPT"
"346","63.646506","192.168.75.130","8.8.8.8","DNS","117","Standard query 0xe0f3 A bmlidXMgY2.welc0mectf.gr3yh4ts.com OPT"
"347","63.669127","8.8.8.8","192.168.75.130","DNS","178","Standard query response 0xe0f3 No such name A bmlidXMgY2.welc0mectf.gr3yh4ts.com SOA a.gtld-servers.net OPT"
"348","63.800129","192.168.75.130","8.8.8.8","DNS","117","Standard query 0x78c9 A xhc3MgcHVs.welc0mectf.gr3yh4ts.com OPT"
"349","63.823491","8.8.8.8","192.168.75.130","DNS","178","Standard query response 0x78c9 No such name A xhc3MgcHVs.welc0mectf.gr3yh4ts.com SOA a.gtld-servers.net OPT"
"350","63.949285","192.168.75.130","8.8.8.8","DNS","117","Standard query 0xe9db A dmluYXIgbG.welc0mectf.gr3yh4ts.com OPT"
"351","63.972773","8.8.8.8","192.168.75.130","DNS","178","Standard query response 0xe9db No such name A dmluYXIgbG.welc0mectf.gr3yh4ts.com SOA a.gtld-servers.net OPT"
"352","64.092487","192.168.75.130","8.8.8.8","DNS","117","Standard query 0x0a6f A liZXJvIG1v.welc0mectf.gr3yh4ts.com OPT"
"353","64.116092","8.8.8.8","192.168.75.130","DNS","178","Standard query response 0x0a6f No such name A liZXJvIG1v.welc0mectf.gr3yh4ts.com SOA a.gtld-servers.net OPT"
"354","64.225922","192.168.75.130","8.8.8.8","DNS","117","Standard query 0xac2a A bGxpcyB1cm.welc0mectf.gr3yh4ts.com OPT"
"355","64.249618","8.8.8.8","192.168.75.130","DNS","178","Standard query response 0xac2a No such name A bGxpcyB1cm.welc0mectf.gr3yh4ts.com SOA a.gtld-servers.net OPT"
"356","64.373106","192.168.75.130","8.8.8.8","DNS","117","Standard query 0x1332 A 5hIGVyYXQu.welc0mectf.gr3yh4ts.com OPT"
"357","64.395944","8.8.8.8","192.168.75.130","DNS","178","Standard query response 0x1332 No such name A 5hIGVyYXQu.welc0mectf.gr3yh4ts.com SOA a.gtld-servers.net OPT"
"358","64.518315","192.168.75.130","8.8.8.8","DNS","117","Standard query 0xfda7 A IEVnZXN0YX.welc0mectf.gr3yh4ts.com OPT"
"359","64.539843","8.8.8.8","192.168.75.130","DNS","178","Standard query response 0xfda7 No such name A IEVnZXN0YX.welc0mectf.gr3yh4ts.com SOA a.gtld-servers.net OPT"
"360","64.671417","192.168.75.130","8.8.8.8","DNS","117","Standard query 0x4353 A MgbmF0b3F1.welc0mectf.gr3yh4ts.com OPT"
"361","64.695162","8.8.8.8","192.168.75.130","DNS","178","Standard query response 0x4353 No such name A MgbmF0b3F1.welc0mectf.gr3yh4ts.com SOA a.gtld-servers.net OPT"
"362","64.804151","192.168.75.130","8.8.8.8","DNS","117","Standard query 0x38c1 A ZSBmZXJtZW.welc0mectf.gr3yh4ts.com OPT"
"363","64.825911","8.8.8.8","192.168.75.130","DNS","178","Standard query response 0x38c1 No such name A ZSBmZXJtZW.welc0mectf.gr3yh4ts.com SOA a.gtld-servers.net OPT"
"364","64.956037","192.168.75.130","8.8.8.8","DNS","117","Standard query 0x1933 A 50dW0gbGl0.welc0mectf.gr3yh4ts.com OPT"
"365","64.978355","8.8.8.8","192.168.75.130","DNS","178","Standard query response 0x1933 No such name A 50dW0gbGl0.welc0mectf.gr3yh4ts.com SOA a.gtld-servers.net OPT"
"366","65.108026","192.168.75.130","8.8.8.8","DNS","117","Standard query 0x9519 A b3JhIGxhY3.welc0mectf.gr3yh4ts.com OPT"
"367","65.132128","8.8.8.8","192.168.75.130","DNS","178","Standard query response 0x9519 No such name A b3JhIGxhY3.welc0mectf.gr3yh4ts.com SOA a.gtld-servers.net OPT"
"368","65.252487","192.168.75.130","8.8.8.8","DNS","117","Standard query 0xddd1 A VzIGVnZXQg.welc0mectf.gr3yh4ts.com OPT"
"369","65.278121","8.8.8.8","192.168.75.130","DNS","178","Standard query response 0xddd1 No such name A VzIGVnZXQg.welc0mectf.gr3yh4ts.com SOA a.gtld-servers.net OPT"
"370","65.414511","192.168.75.130","8.8.8.8","DNS","117","Standard query 0x34be A bWFnbmlzIG.welc0mectf.gr3yh4ts.com OPT"
"371","65.439777","8.8.8.8","192.168.75.130","DNS","178","Standard query response 0x34be No such name A bWFnbmlzIG.welc0mectf.gr3yh4ts.com SOA a.gtld-servers.net OPT"
"372","65.582003","192.168.75.130","8.8.8.8","DNS","117","Standard query 0x7db9 A ltcGVyZGll.welc0mectf.gr3yh4ts.com OPT"
"373","65.604803","8.8.8.8","192.168.75.130","DNS","178","Standard query response 0x7db9 No such name A ltcGVyZGll.welc0mectf.gr3yh4ts.com SOA a.gtld-servers.net OPT"
"374","65.724791","192.168.75.130","8.8.8.8","DNS","117","Standard query 0xd70c A dCBmYXVjaW.welc0mectf.gr3yh4ts.com OPT"
"375","65.748306","8.8.8.8","192.168.75.130","DNS","178","Standard query response 0xd70c No such name A dCBmYXVjaW.welc0mectf.gr3yh4ts.com SOA a.gtld-servers.net OPT"
"376","65.876746","192.168.75.130","8.8.8.8","DNS","117","Standard query 0xd697 A J1cy4gVXQg.welc0mectf.gr3yh4ts.com OPT"
"377","65.899718","8.8.8.8","192.168.75.130","DNS","178","Standard query response 0xd697 No such name A J1cy4gVXQg.welc0mectf.gr3yh4ts.com SOA a.gtld-servers.net OPT"
"378","66.030036","192.168.75.130","8.8.8.8","DNS","117","Standard query 0xcc20 A ZmF1Y2lidX.welc0mectf.gr3yh4ts.com OPT"
"379","66.052218","8.8.8.8","192.168.75.130","DNS","178","Standard query response 0xcc20 No such name A ZmF1Y2lidX.welc0mectf.gr3yh4ts.com SOA a.gtld-servers.net OPT"
"380","66.182511","192.168.75.130","8.8.8.8","DNS","117","Standard query 0xad01 A MgZXVpc21v.welc0mectf.gr3yh4ts.com OPT"
"381","66.208534","8.8.8.8","192.168.75.130","DNS","178","Standard query response 0xad01 No such name A MgZXVpc21v.welc0mectf.gr3yh4ts.com SOA a.gtld-servers.net OPT"
"382","66.342674","192.168.75.130","8.8.8.8","DNS","117","Standard query 0xde17 A ZCB2ZWxpdC.welc0mectf.gr3yh4ts.com OPT"
"383","66.367407","8.8.8.8","192.168.75.130","DNS","178","Standard query response 0xde17 No such name A ZCB2ZWxpdC.welc0mectf.gr3yh4ts.com SOA a.gtld-servers.net OPT"
"384","66.490147","192.168.75.130","8.8.8.8","DNS","117","Standard query 0x4282 A BvcmNpIGFu.welc0mectf.gr3yh4ts.com OPT"
"385","66.514482","8.8.8.8","192.168.75.130","DNS","178","Standard query response 0x4282 No such name A BvcmNpIGFu.welc0mectf.gr3yh4ts.com SOA a.gtld-servers.net OPT"
"386","66.629947","192.168.75.130","8.8.8.8","DNS","117","Standard query 0x88af A dGUgYWVuZW.welc0mectf.gr3yh4ts.com OPT"
"387","66.655298","8.8.8.8","192.168.75.130","DNS","178","Standard query response 0x88af No such name A dGUgYWVuZW.welc0mectf.gr3yh4ts.com SOA a.gtld-servers.net OPT"
"388","66.778530","192.168.75.130","8.8.8.8","DNS","117","Standard query 0x8a91 A FuIGZhY2ls.welc0mectf.gr3yh4ts.com OPT"
"389","66.801241","8.8.8.8","192.168.75.130","DNS","178","Standard query response 0x8a91 No such name A FuIGZhY2ls.welc0mectf.gr3yh4ts.com SOA a.gtld-servers.net OPT"
"390","66.926823","192.168.75.130","8.8.8.8","DNS","117","Standard query 0x9024 A aXNpLiBQcm.welc0mectf.gr3yh4ts.com OPT"
"391","66.949275","8.8.8.8","192.168.75.130","DNS","178","Standard query response 0x9024 No such name A aXNpLiBQcm.welc0mectf.gr3yh4ts.com SOA a.gtld-servers.net OPT"
"392","67.069482","192.168.75.130","8.8.8.8","DNS","117","Standard query 0x25cc A V0aXVtIHNl.welc0mectf.gr3yh4ts.com OPT"
"393","67.093571","8.8.8.8","192.168.75.130","DNS","178","Standard query response 0x25cc No such name A V0aXVtIHNl.welc0mectf.gr3yh4ts.com SOA a.gtld-servers.net OPT"
"394","67.213413","192.168.75.130","8.8.8.8","DNS","117","Standard query 0x670b A ZCBsdWN0dX.welc0mectf.gr3yh4ts.com OPT"
"395","67.236527","8.8.8.8","192.168.75.130","DNS","178","Standard query response 0x670b No such name A ZCBsdWN0dX.welc0mectf.gr3yh4ts.com SOA a.gtld-servers.net OPT"
"396","67.354988","192.168.75.130","8.8.8.8","DNS","117","Standard query 0x6588 A MgZWdlc3Rh.welc0mectf.gr3yh4ts.com OPT"
"397","67.379401","8.8.8.8","192.168.75.130","DNS","178","Standard query response 0x6588 No such name A MgZWdlc3Rh.welc0mectf.gr3yh4ts.com SOA a.gtld-servers.net OPT"
"398","67.490259","192.168.75.130","8.8.8.8","DNS","117","Standard query 0xb7ad A cyBuZXR1cy.welc0mectf.gr3yh4ts.com OPT"
"399","67.513057","8.8.8.8","192.168.75.130","DNS","178","Standard query response 0xb7ad No such name A cyBuZXR1cy.welc0mectf.gr3yh4ts.com SOA a.gtld-servers.net OPT"
"400","67.628734","192.168.75.130","8.8.8.8","DNS","117","Standard query 0xa983 A BtZXR1cyBl.welc0mectf.gr3yh4ts.com OPT"
"401","67.653986","8.8.8.8","192.168.75.130","DNS","178","Standard query response 0xa983 No such name A BtZXR1cyBl.welc0mectf.gr3yh4ts.com SOA a.gtld-servers.net OPT"
"402","67.791349","192.168.75.130","8.8.8.8","DNS","117","Standard query 0xf59e A c3QgY29tbW.welc0mectf.gr3yh4ts.com OPT"
"403","67.816684","8.8.8.8","192.168.75.130","DNS","178","Standard query response 0xf59e No such name A c3QgY29tbW.welc0mectf.gr3yh4ts.com SOA a.gtld-servers.net OPT"
"404","67.945566","192.168.75.130","8.8.8.8","DNS","117","Standard query 0xd253 A 9kby4gTW9s.welc0mectf.gr3yh4ts.com OPT"
"405","67.970404","8.8.8.8","192.168.75.130","DNS","178","Standard query response 0xd253 No such name A 9kby4gTW9s.welc0mectf.gr3yh4ts.com SOA a.gtld-servers.net OPT"
"406","68.101761","192.168.75.130","8.8.8.8","DNS","117","Standard query 0xf26d A bGlzIGN1cn.welc0mectf.gr3yh4ts.com OPT"
"407","68.126290","8.8.8.8","192.168.75.130","DNS","178","Standard query response 0xf26d No such name A bGlzIGN1cn.welc0mectf.gr3yh4ts.com SOA a.gtld-servers.net OPT"
"408","68.253575","192.168.75.130","8.8.8.8","DNS","117","Standard query 0xfc46 A N1cyBtYWdu.welc0mectf.gr3yh4ts.com OPT"
"409","68.279244","8.8.8.8","192.168.75.130","DNS","178","Standard query response 0xfc46 No such name A N1cyBtYWdu.welc0mectf.gr3yh4ts.com SOA a.gtld-servers.net OPT"
"410","68.415725","192.168.75.130","8.8.8.8","DNS","117","Standard query 0xffe8 A YSBleCB1bH.welc0mectf.gr3yh4ts.com OPT"
"411","68.439222","8.8.8.8","192.168.75.130","DNS","178","Standard query response 0xffe8 No such name A YSBleCB1bH.welc0mectf.gr3yh4ts.com SOA a.gtld-servers.net OPT"
"412","68.574898","192.168.75.130","8.8.8.8","DNS","117","Standard query 0x8734 A RyaWNpZXMg.welc0mectf.gr3yh4ts.com OPT"
"413","68.597570","8.8.8.8","192.168.75.130","DNS","178","Standard query response 0x8734 No such name A RyaWNpZXMg.welc0mectf.gr3yh4ts.com SOA a.gtld-servers.net OPT"
"414","68.716876","192.168.75.130","8.8.8.8","DNS","117","Standard query 0x1961 A YmxhbmRpdC.welc0mectf.gr3yh4ts.com OPT"
"415","68.737999","8.8.8.8","192.168.75.130","DNS","178","Standard query response 0x1961 No such name A YmxhbmRpdC.welc0mectf.gr3yh4ts.com SOA a.gtld-servers.net OPT"
"416","68.816582","192.168.75.1","224.0.0.251","MDNS","85","Standard query 0x0000 PTR _microsoft_mcc._tcp.local, ""QU"" question"
"417","68.817213","fe80::9776:3f6:b429:fbfd","ff02::fb","MDNS","105","Standard query 0x0000 PTR _microsoft_mcc._tcp.local, ""QU"" question"
"418","68.861212","192.168.75.130","8.8.8.8","DNS","117","Standard query 0xe0c6 A B0ZWxsdXMg.welc0mectf.gr3yh4ts.com OPT"
"419","68.885243","8.8.8.8","192.168.75.130","DNS","178","Standard query response 0xe0c6 No such name A B0ZWxsdXMg.welc0mectf.gr3yh4ts.com SOA a.gtld-servers.net OPT"
"420","69.015104","192.168.75.130","8.8.8.8","DNS","117","Standard query 0xec5b A cGhhcmV0cm.welc0mectf.gr3yh4ts.com OPT"
"421","69.040396","8.8.8.8","192.168.75.130","DNS","178","Standard query response 0xec5b No such name A cGhhcmV0cm.welc0mectf.gr3yh4ts.com SOA a.gtld-servers.net OPT"
"422","69.159631","192.168.75.130","8.8.8.8","DNS","117","Standard query 0xed0f A EgY29udmFs.welc0mectf.gr3yh4ts.com OPT"
"423","69.184187","8.8.8.8","192.168.75.130","DNS","178","Standard query response 0xed0f No such name A EgY29udmFs.welc0mectf.gr3yh4ts.com SOA a.gtld-servers.net OPT"
"424","69.302497","192.168.75.130","8.8.8.8","DNS","117","Standard query 0xac26 A bGlzLiBFc3.welc0mectf.gr3yh4ts.com OPT"
"425","69.327342","8.8.8.8","192.168.75.130","DNS","178","Standard query response 0xac26 No such name A bGlzLiBFc3.welc0mectf.gr3yh4ts.com SOA a.gtld-servers.net OPT"
"426","69.447850","192.168.75.130","8.8.8.8","DNS","117","Standard query 0x7d9c A QgbWF1cmlz.welc0mectf.gr3yh4ts.com OPT"
"427","69.472387","8.8.8.8","192.168.75.130","DNS","178","Standard query response 0x7d9c No such name A QgbWF1cmlz.welc0mectf.gr3yh4ts.com SOA a.gtld-servers.net OPT"
"428","69.620786","192.168.75.130","8.8.8.8","DNS","117","Standard query 0x183b A IG1hZ25pcy.welc0mectf.gr3yh4ts.com OPT"
"429","69.644021","8.8.8.8","192.168.75.130","DNS","178","Standard query response 0x183b No such name A IG1hZ25pcy.welc0mectf.gr3yh4ts.com SOA a.gtld-servers.net OPT"
"430","69.720435","192.168.75.130","192.168.75.2","DNS","101","Standard query 0x4838 A incoming.telemetry.mozilla.org OPT"
"431","69.720595","192.168.75.130","192.168.75.2","DNS","101","Standard query 0x7ead AAAA incoming.telemetry.mozilla.org OPT"
"432","69.741211","192.168.75.2","192.168.75.130","DNS","176","Standard query response 0x4838 A incoming.telemetry.mozilla.org CNAME telemetry-incoming.r53-2.services.mozilla.com A 34.120.208.123 OPT"
"433","69.749422","192.168.75.2","192.168.75.130","DNS","239","Standard query response 0x7ead AAAA incoming.telemetry.mozilla.org CNAME telemetry-incoming.r53-2.services.mozilla.com SOA ns-1507.awsdns-60.org OPT"
"434","69.749606","192.168.75.130","192.168.75.2","DNS","116","Standard query 0xff29 AAAA telemetry-incoming.r53-2.services.mozilla.com OPT"
"435","69.766300","192.168.75.130","8.8.8.8","DNS","117","Standard query 0x268c A BlZ2V0IG9y.welc0mectf.gr3yh4ts.com OPT"
"436","69.770643","192.168.75.2","192.168.75.130","DNS","198","Standard query response 0xff29 AAAA telemetry-incoming.r53-2.services.mozilla.com SOA ns-1507.awsdns-60.org OPT"
"437","69.772878","192.168.75.130","34.120.208.123","TCP","74","41056  >  443 [SYN] Seq=0 Win=64240 Len=0 MSS=1460 SACK_PERM TSval=3642552128 TSecr=0 WS=128"
"438","69.776850","34.120.208.123","192.168.75.130","TCP","60","443  >  41056 [SYN, ACK] Seq=0 Ack=1 Win=64240 Len=0 MSS=1460"
"439","69.776878","192.168.75.130","34.120.208.123","TCP","54","41056  >  443 [ACK] Seq=1 Ack=1 Win=64240 Len=0"
"440","69.778251","192.168.75.130","34.120.208.123","TLSv1.3","735","Client Hello (SNI=incoming.telemetry.mozilla.org)"
"441","69.778807","34.120.208.123","192.168.75.130","TCP","60","443  >  41056 [ACK] Seq=1 Ack=682 Win=64240 Len=0"
"442","69.782939","34.120.208.123","192.168.75.130","TLSv1.3","266","Server Hello, Change Cipher Spec, Application Data"
"443","69.782960","192.168.75.130","34.120.208.123","TCP","54","41056  >  443 [ACK] Seq=682 Ack=213 Win=64028 Len=0"
"444","69.783455","192.168.75.130","34.120.208.123","TLSv1.3","118","Change Cipher Spec, Application Data"
"445","69.783599","34.120.208.123","192.168.75.130","TCP","60","443  >  41056 [ACK] Seq=213 Ack=746 Win=64240 Len=0"
"446","69.786558","192.168.75.130","34.120.208.123","TLSv1.3","224","Application Data"
"447","69.786665","34.120.208.123","192.168.75.130","TLSv1.3","672","Application Data, Application Data"
"448","69.786665","34.120.208.123","192.168.75.130","TCP","60","443  >  41056 [ACK] Seq=831 Ack=916 Win=64240 Len=0"
"449","69.786729","192.168.75.130","34.120.208.123","TLSv1.3","417","Application Data"
"450","69.786823","34.120.208.123","192.168.75.130","TCP","60","443  >  41056 [ACK] Seq=831 Ack=1279 Win=64240 Len=0"
"451","69.786844","192.168.75.130","34.120.208.123","TLSv1.3","457","Application Data"
"452","69.786946","34.120.208.123","192.168.75.130","TCP","60","443  >  41056 [ACK] Seq=831 Ack=1682 Win=64240 Len=0"
"453","69.787884","192.168.75.130","34.120.208.123","TLSv1.3","85","Application Data"
"454","69.787976","34.120.208.123","192.168.75.130","TCP","60","443  >  41056 [ACK] Seq=831 Ack=1713 Win=64240 Len=0"
"455","69.789111","8.8.8.8","192.168.75.130","DNS","178","Standard query response 0x268c No such name A BlZ2V0IG9y.welc0mectf.gr3yh4ts.com SOA a.gtld-servers.net OPT"
"456","69.789604","34.120.208.123","192.168.75.130","TLSv1.3","85","Application Data"
"457","69.823419","192.168.75.1","224.0.0.251","MDNS","85","Standard query 0x0000 PTR _microsoft_mcc._tcp.local, ""QM"" question"
"458","69.824815","fe80::9776:3f6:b429:fbfd","ff02::fb","MDNS","105","Standard query 0x0000 PTR _microsoft_mcc._tcp.local, ""QM"" question"
"459","69.831561","192.168.75.130","34.120.208.123","TCP","54","41056  >  443 [ACK] Seq=1713 Ack=862 Win=64028 Len=0"
"460","69.916131","192.168.75.130","8.8.8.8","DNS","117","Standard query 0xbfa9 A bmFyZSBkdW.welc0mectf.gr3yh4ts.com OPT"
"461","69.937338","8.8.8.8","192.168.75.130","DNS","178","Standard query response 0xbfa9 No such name A bmFyZSBkdW.welc0mectf.gr3yh4ts.com SOA a.gtld-servers.net OPT"
"462","69.985673","34.120.208.123","192.168.75.130","TLSv1.3","503","Application Data"
"463","69.985693","192.168.75.130","34.120.208.123","TCP","54","41056  >  443 [ACK] Seq=1713 Ack=1311 Win=64028 Len=0"
"464","69.987653","34.120.208.123","192.168.75.130","TLSv1.3","194","Application Data"
"465","69.987653","34.120.208.123","192.168.75.130","TLSv1.3","93","Application Data"
"466","69.987673","192.168.75.130","34.120.208.123","TCP","54","41056  >  443 [ACK] Seq=1713 Ack=1451 Win=64028 Len=0"
"467","69.987715","192.168.75.130","34.120.208.123","TCP","54","41056  >  443 [ACK] Seq=1713 Ack=1490 Win=64028 Len=0"
"468","69.987889","192.168.75.130","34.120.208.123","TLSv1.3","93","Application Data"
"469","69.988022","34.120.208.123","192.168.75.130","TCP","60","443  >  41056 [ACK] Seq=1490 Ack=1752 Win=64240 Len=0"
"470","70.058318","192.168.75.130","8.8.8.8","DNS","117","Standard query 0x8d32 A kgYWQgZGFw.welc0mectf.gr3yh4ts.com OPT"
"471","70.082234","8.8.8.8","192.168.75.130","DNS","178","Standard query response 0x8d32 No such name A kgYWQgZGFw.welc0mectf.gr3yh4ts.com SOA a.gtld-servers.net OPT"
"472","70.212588","192.168.75.130","8.8.8.8","DNS","117","Standard query 0x84db A aWJ1cyBwZW.welc0mectf.gr3yh4ts.com OPT"
"473","70.234552","8.8.8.8","192.168.75.130","DNS","178","Standard query response 0x84db No such name A aWJ1cyBwZW.welc0mectf.gr3yh4ts.com SOA a.gtld-servers.net OPT"
"474","70.369744","192.168.75.130","8.8.8.8","DNS","117","Standard query 0x3743 A xsZW50ZS4g.welc0mectf.gr3yh4ts.com OPT"
"475","70.393523","8.8.8.8","192.168.75.130","DNS","178","Standard query response 0x3743 No such name A xsZW50ZS4g.welc0mectf.gr3yh4ts.com SOA a.gtld-servers.net OPT"
"476","70.525005","192.168.75.130","8.8.8.8","DNS","117","Standard query 0x136f A Z3JleXtkbj.welc0mectf.gr3yh4ts.com OPT"
"477","70.709805","8.8.8.8","192.168.75.130","DNS","178","Standard query response 0x136f No such name A Z3JleXtkbj.welc0mectf.gr3yh4ts.com SOA a.gtld-servers.net OPT"
"478","70.856173","192.168.75.130","8.8.8.8","DNS","117","Standard query 0xfb79 A VfM3hmMTE3.welc0mectf.gr3yh4ts.com OPT"
"479","70.879407","8.8.8.8","192.168.75.130","DNS","178","Standard query response 0xfb79 No such name A VfM3hmMTE3.welc0mectf.gr3yh4ts.com SOA a.gtld-servers.net OPT"
"480","70.999436","192.168.75.130","8.8.8.8","DNS","117","Standard query 0x13ac A MjQ3MTBuXz.welc0mectf.gr3yh4ts.com OPT"
"481","71.022171","8.8.8.8","192.168.75.130","DNS","178","Standard query response 0x13ac No such name A MjQ3MTBuXz.welc0mectf.gr3yh4ts.com SOA a.gtld-servers.net OPT"
"482","71.143092","192.168.75.130","8.8.8.8","DNS","117","Standard query 0xb461 A E1X2MwMDF9.welc0mectf.gr3yh4ts.com OPT"
"483","71.167719","8.8.8.8","192.168.75.130","DNS","178","Standard query response 0xb461 No such name A E1X2MwMDF9.welc0mectf.gr3yh4ts.com SOA a.gtld-servers.net OPT"
"484","71.311855","192.168.75.130","8.8.8.8","DNS","111","Standard query 0x383e A Cg==.welc0mectf.gr3yh4ts.com OPT"
"485","71.334662","8.8.8.8","192.168.75.130","DNS","172","Standard query response 0x383e No such name A Cg==.welc0mectf.gr3yh4ts.com SOA a.gtld-servers.net OPT"
